theta,0.1
block_size,500
suspend,40%,50%,60%,70%,80%
reconnect,173.743367,137.781768,122.44113,86.604283,69.284576
