theta,0.0
block_size,900
suspend,40%,50%,60%,70%,80%
reconnect,191.542345,182.356606,116.925238,90.14396,88.821371
