theta,0.0
block_size,100
suspend,40%,50%,60%,70%,80%
reconnect,166.140009,143.749732,113.897462,88.00866,57.784037
