theta,0.1
block_size,900
suspend,40%,50%,60%,70%,80%
reconnect,195.984936,193.390727,182.279748,90.928717,90.891007
