theta,0.5
block_size,500
suspend,40%,50%,60%,70%,80%
reconnect,181.828916,180.424162,125.216899,117.181988,72.093649
