theta,0.0
block_size,500
suspend,40%,50%,60%,70%,80%
reconnect,177.494562,174.611691,120.43818,86.546786,69.748218
