theta,0.1
block_size,100
suspend,40%,50%,60%,70%,80%
reconnect,166.734176,142.001037,109.921377,88.145473,57.29191
