theta,0.5
block_size,100
suspend,40%,50%,60%,70%,80%
reconnect,175.312511,142.657126,120.18603,90.511812,69.248211
