theta,0.5
block_size,900
suspend,40%,50%,60%,70%,80%
reconnect,191.644214,189.078598,184.589634,91.153175,88.780608
